e_sma,e_ecc,e_inc,e_lpe,e_lan,e_mna,p_sma,p_ecc,p_inc,p_lpe,p_lan,p_mna,dist,speed
750000.0,0.0,0.0001,0.0,0.0,5.934119456780721,744808.8690543602,0.0,2.3003672690986616,0.0,340.0,0.0,5191.130964812011,87.59026202544682
750000.0,0.0,0.0001,0.0,0.0,5.934119456780721,746702.9581858929,0.0,2.5421431358854036,0.0,340.0,0.0,3297.041844370179,96.49257785640867
750000.0,0.0,0.0001,0.0,0.0,5.934119456780721,742273.1738962573,0.0,2.858872175769145,0.0,340.0,0.0,7726.8261165794665,109.12363844211063
750000.0,0.0,0.0001,0.0,0.0,5.934119456780721,745826.4682888371,0.0,0.21818606561038678,0.0,340.0,0.0,4173.531735042347,10.255497871837184
750000.0,0.0,0.0001,0.0,0.0,5.934119456780721,757258.9873559127,0.0,0.577066184608589,0.0,340.0,0.0,7258.987369852554,24.16395291978267
