


{
    "vehicle_mass": 6685.0,
    "vehicle_propellant": 1200.0,
    "pursuer_pos_x": 750748.962938027,
    "pursuer_pos_y": 9499.929268769145,
    "pursuer_pos_z": -17012.418125753757,
    "pursuer_vel_x": 82.76801950969661,
    "pursuer_vel_y": 83.26803871165116,
    "pursuer_vel_z": 2215.828694933879,
    "evader_pos_x": 749657.542868054,
    "evader_pos_y": -0.05134648907187511,
    "evader_pos_z": -22664.382244398294,
    "evader_vel_x": 65.57520999325584,
    "evader_vel_y": 0.0037612234376069864,
    "evader_vel_z": 2168.9859160498445,
    "prograde": [
        0.03730075421536033,
        0.0375260960015423,
        0.9985992418652477
    ]
}